Channel_Name,Channel_Id,Description,Independent,Archetypes
T-Series,UCq-Fj5jknLsUf-MWSy4_brA,"T-Series is a corporate YouTube channel and one of the largest music labels and film production companies in India. Known for its extensive collection of Bollywood music videos, movie trailers, and film-related content, T-Series caters to a global audience, making it a prominent player in the entertainment industry.",No,Corporate / Non-Youtuber
MrBeast,UCX6OQ3DkcsbYNE6H8uQQuVA,"MrBeast is an independent YouTuber known for his philanthropic endeavors, engaging challenges, and entertaining stunts. With a focus on making a positive impact, MrBeast's channel showcases creative and altruistic content that resonates with a wide audience.",Yes,Variety / General Entertainment
Cocomelon - Nursery Rhymes,UCbCmjCuTUZos6Inko4u57UQ,"Cocomelon - Nursery Rhymes is a corporate YouTube channel that produces animated nursery rhymes and educational songs for children. With colorful animations and catchy tunes, Cocomelon provides a fun and interactive learning experience for toddlers and preschoolers.",No,Corporate / Non-Youtuber
SET India,UCpEhnqL0y41EpW2TvWAHD7Q,"SET India is a corporate YouTube channel representing Sony Entertainment Television, featuring a diverse range of Hindi television shows, serials, and exclusive clips. The channel entertains viewers with dramas, comedies, and reality shows.",No,Corporate / Non-Youtuber
✿ Kids Diana Show,UCk8GzjMOrta8yxDcKfylJYw,"Kids Diana Show is an independent YouTube channel showcasing the playful adventures and activities of Diana, a young girl. With a focus on imaginative play, DIY activities, and educational content, Kids Diana Show creates engaging videos for young audiences.",Yes,Kids / Family
PewDiePie,UC-lHJZR3Gqxm24_Vd_AJ5Yw,"PewDiePie is an independent YouTuber, comedian, and gamer known for his gaming content, vlogs, and comedic commentary. With a massive fanbase, PewDiePie has become one of the most influential and subscribed individual creators on YouTube.",Yes,Variety / General Entertainment
Like Nastya,UCJplp5SjeGSdVdwsfb9Q7lQ,"Like Nastya is an independent YouTube channel featuring the adventures and playtime of Nastya and her family. The channel creates a mix of vlogs, pretend play, and educational content, making it a favorite among young children and parents.",Yes,Kids / Family
Vlad and Niki,UCvlE5gTbOvjiolFlEm-c_Ow,"Vlad and Niki is an independent YouTube channel starring two brothers, Vlad and Niki. The channel showcases their playful and imaginative activities, including toy unboxings, challenges, and educational content, appealing to a young audience.",Yes,Kids / Family
Zee Music Company,UCFFbwnve3yF62-tVXkTyHqg,"Zee Music Company is a corporate YouTube channel that functions as a music label, featuring a wide range of Indian music, including film songs, music videos, and independent tracks. The channel caters to music enthusiasts with diverse tastes.",No,Corporate / Non-Youtuber
WWE,UCfsmz7-5_Gw2UlPmCn1LMjQ,"WWE is a corporate YouTube channel representing World Wrestling Entertainment, providing wrestling fans with highlights, interviews, and exclusive content from the world of professional wrestling. With a global fanbase, WWE offers a digital platform for enthusiasts to stay connected with their favorite sports entertainment.",No,Corporate / Non-Youtuber
BLACKPINK,UCOmHUn--16B90oW2L6FRR3A,"BLACKPINK's YouTube channel is a corporate account representing the popular South Korean girl group. The channel features music videos, performances, and behind-the-scenes content, offering fans an intimate look into the lives of the group members.",No,Corporate / Non-Youtuber
Goldmines,UCyoXW-Dse7fURq30EWl_CUA,"Goldmines is a corporate YouTube channel that offers a wide range of Indian films, including blockbuster movies and regional cinema. With a vast collection of movies, Goldmines caters to diverse audiences seeking entertainment from the vibrant Indian film industry.",No,Corporate / Non-Youtuber
Sony SAB,UC6-F5tO8uklgE9Zy8IvbdFw,Sony SAB is a corporate YouTube channel featuring a variety of Hindi television shows known for their light-hearted and comedy-centric content. The channel brings laughter and entertainment to viewers with its humorous shows and beloved characters.,No,Corporate / Non-Youtuber
5-Minute Crafts,UCCLVg6BI7NxDIp6GFKfFGFw,"5-Minute Crafts is a corporate YouTube channel specializing in DIY and life hacks. With a vast array of crafting ideas and useful tips, 5-Minute Crafts has gained popularity for its practical and inventive content.",No,Corporate / Non-Youtuber
BANGTANTV,UCLkAepWjdylmXSltofFvsYQ,"BANGTANTV is a corporate YouTube channel representing BTS (Bangtan Sonyeondan), the global K-pop sensation. The channel features music videos, behind-the-scenes footage, and exclusive content, offering fans an immersive experience into the world of the group.",No,Corporate / Non-Youtuber
Zee TV,UC8dnBi4WUErqYQHZ4PfsLTg,"Zee TV's YouTube channel is a corporate account featuring a variety of Hindi television shows, dramas, and reality programs. The channel provides diverse entertainment options for viewers of Indian television content.",No,Corporate / Non-Youtuber
HYBE LABELS,UC3IZKseVpdzPSBaWxBxundA,"HYBE LABELS is a corporate YouTube channel representing HYBE Corporation, the entertainment company behind BTS and other successful artists. The channel showcases music videos, performances, and exclusive content from HYBE's roster of talented musicians.",No,Corporate / Non-Youtuber
Justin Bieber,UCHkj014U2CQ2Nv0UZeYpE_A,"Justin Bieber's YouTube channel is a corporate account featuring his music videos, performances, and exclusive content. With a massive global fanbase, Justin Bieber's channel is a hub for fans eager to experience his music and personality.",No,Corporate / Non-Youtuber
Pinkfong Baby Shark - Kids' Songs & Stories,UCcdwLMPsaU2ezNSJU1nFoBQ,"Pinkfong Baby Shark is a corporate YouTube channel producing children's content, including the viral ""Baby Shark"" song. The channel offers a variety of kids' songs and stories, captivating young audiences with colorful animations and catchy tunes.",No,Corporate / Non-Youtuber
ChuChu TV Nursery Rhymes & Kids Songs,UCbCmjCuTUZos6Inko4u57UQ,"ChuChu TV is a corporate YouTube channel dedicated to nursery rhymes and kids' songs. With vibrant animations and educational content, ChuChu TV provides an entertaining and learning experience for toddlers and preschoolers.",No,Corporate / Non-Youtuber
Colors TV,UCBnZ16ahKA2DZ_T5W0FPUXg,"Colors TV's YouTube channel is a corporate account featuring a wide range of Hindi television shows, including dramas, reality shows, and talk shows. The channel offers diverse entertainment options for viewers of Indian television content.",No,Corporate / Non-Youtuber
Shemaroo Filmi Gaane,UCP6uH_XlsxrXwZQ4DlqbqPg,"Shemaroo Filmi Gaane is a corporate YouTube channel that specializes in presenting a vast collection of classic Bollywood songs. With a focus on nostalgia and timeless melodies, the channel appeals to fans of vintage Indian cinema music.",No,Corporate / Non-Youtuber
Canal KondZilla,UCffDXn7ycAzwL2LDlbyWOTw,"Canal KondZilla is a corporate YouTube channel representing KondZilla, a Brazilian music video producer. The channel features high-energy music videos from various genres, making it a popular destination for music enthusiasts.",No,Corporate / Non-Youtuber
T-Series Bhakti Sagar,UCaayLD9i5x4MmIoVZxXSv_g,"T-Series Bhakti Sagar is a corporate YouTube channel focused on spiritual and devotional content. The channel offers a wide range of religious music, bhajans, and devotional songs, catering to viewers seeking spiritual content.",No,Corporate / Non-Youtuber
Tips Official,UCJrDMFOdv1I2k8n9oK_V21w,"Tips Official is a corporate YouTube channel that features a diverse collection of Bollywood songs, music videos, and film soundtracks. With a rich musical repertoire, the channel appeals to fans of Indian film music across different genres.",No,Corporate / Non-Youtuber
El Reino Infantil,UC4YEUHW35Dxj4yBcF2XiROg,"El Reino Infantil is a corporate YouTube channel that produces Spanish-language animated content for children. With colorful animations and educational songs, El Reino Infantil provides a joyful and educational experience for young viewers, fostering learning through engaging visuals and music.",No,Corporate / Non-Youtuber
Movieclips,UC3gNmTGu-TTbFPpfSs5kNkg,"Movieclips is a corporate YouTube channel that curates and shares movie clips, trailers, and memorable scenes from various films. Movieclips provides a platform for movie enthusiasts to revisit iconic moments and discover new cinematic gems.",No,Corporate / Non-Youtuber
Dude Perfect,UCRijo3ddMTht_IHyNSNXpNQ,"Dude Perfect is an independent YouTube channel featuring a group of friends known for their incredible trick shots, sports challenges, and entertaining stunts. With a blend of athleticism and humor, Dude Perfect has become one of the most popular channels for sports enthusiasts and entertainment seekers.",Yes,Variety / General Entertainment
Aaj Tak,UCt4t-jeY85JegMlZ-E5UWtA,"Aaj Tak is a corporate YouTube channel representing one of India's leading Hindi news channels. With a focus on timely and credible news reporting, Aaj Tak keeps its audience informed about the latest happenings in India and around the world.",No,Corporate / Non-Youtuber
Wave Music,UCOMLtULLvoymORim06O1vaw,"Wave Music is a corporate YouTube channel serving as a music label specializing in Bhojpuri music. With a diverse collection of songs, music videos, and albums, Wave Music caters to music enthusiasts seeking entertainment from the vibrant Bhojpuri music industry.",No,Corporate / Non-Youtuber
Sony Music India,UC56gTxNs4f9xZ7Pa2i5xNzg,"Sony Music India is a corporate YouTube channel that functions as a music label, featuring a wide array of Indian and international music. With a rich and diverse catalog, the channel brings music enthusiasts a variety of genres, artists, and visually stunning music videos.",No,Corporate / Non-Youtuber
EminemMusic,UC20vb-R_px4CguHzzBPhoyQ,"EminemMusic is a corporate YouTube channel representing Eminem, the acclaimed rapper and songwriter. The channel features Eminem's music videos, interviews, and behind-the-scenes footage, providing fans with an immersive experience into the world of the iconic artist.",No,Corporate / Non-Youtuber
YRF,UCbTLwN10NoCU4WDzLf1JMOA,"YRF is a corporate YouTube channel representing Yash Raj Films, one of the leading film production companies in India. The channel showcases trailers, songs, and exclusive content from YRF's extensive film catalog, known for its Bollywood blockbusters.",No,Corporate / Non-Youtuber
Infobells - Hindi,UCHvoq_rGmOKJKGId1nD1V4Q,"Infobells - Hindi is a corporate YouTube channel dedicated to creating engaging and educational content for children. Through animated stories, nursery rhymes, and educational videos, Infobells - Hindi aims to make learning fun and interactive for young viewers.",No,Corporate / Non-Youtuber
Marshmello,UCEdvpU2pFRCVqU6yIPyTpMQ,"Marshmello's official YouTube channel is a corporate account featuring the music and content of the electronic music producer and DJ. With chart-topping hits, music videos, and behind-the-scenes footage, Marshmello's channel offers a visual and auditory experience for fans of electronic dance music.",No,Corporate / Non-Youtuber
LooLoo Kids - Nursery Rhymes and Children's Songs,UC4NALVCmcmL5ntpV0thoH6w,"LooLoo Kids is a corporate YouTube channel that produces entertaining and educational nursery rhymes and songs for children. With colorful animations and catchy tunes, LooLoo Kids creates a playful and engaging environment for young viewers.",No,Corporate / Non-Youtuber
Taylor Swift,UCANLZYMidaCbLQFWXBC95Jg,"Taylor Swift's official YouTube channel is a corporate account featuring her music videos, live performances, and exclusive content. With a global fanbase, Taylor Swift's channel is a destination for fans to immerse themselves in her artistic journey.",No,Corporate / Non-Youtuber
BillionSurpriseToys - Nursery Rhymes & Cartoons,UCRx3mKNUdl8QE06nEug7p6Q,"BillionSurpriseToys specializes in creating animated nursery rhymes and cartoons for young children. The channel's content is designed to entertain and educate toddlers, fostering a playful and engaging learning experience.",No,Corporate / Non-Youtuber
Ed Sheeran,UC0C-w0YjGpqDXGB8IHb662A,"Ed Sheeran's official YouTube channel features his music videos, live performances, and behind-the-scenes glimpses into his creative process. As one of the most successful singer-songwriters, Ed Sheeran's channel provides fans with an intimate connection to his musical journey.",No,Corporate / Non-Youtuber
Ariana Grande,UC0VOyT2OCBKdQhF3BAbZ-1g,"Ariana Grande's official YouTube channel showcases her music videos, live performances, and exclusive content. With a powerful voice and captivating visuals, Ariana Grande's channel offers fans an immersive experience into the world of the pop sensation.",No,Corporate / Non-Youtuber
Shemaroo,UCBOmfqgTZi7yDp4-3Lr_3lA,"Shemaroo is a corporate YouTube channel that features a vast collection of Bollywood movies, classic films, and entertainment content. With a diverse range of offerings, Shemaroo caters to audiences seeking a nostalgic trip or the latest in Indian cinema.",No,Corporate / Non-Youtuber
JuegaGerman,UCYiGq8XF7YQD00x7wAd62Zg,"JuegaGerman is an independent YouTube channel hosted by Germán Garmendia, a popular Spanish-language YouTuber. Known for his humor and energetic gaming commentary, JuegaGerman entertains a vast audience of gaming enthusiasts.",Yes,Variety / General Entertainment
Billie Eilish,UCDGmojLIoWpXok597xYo8cg,"Billie Eilish's official YouTube channel features her music videos, interviews, and behind-the-scenes content. With a unique style and captivating music, Billie Eilish's channel provides fans with a front-row seat to her artistic expression.",No,Corporate / Non-Youtuber
ARY Digital HD,UCMmpLL2ucRHAXbNHiCPyIyg,"ARY Digital HD is a corporate YouTube channel representing ARY Digital, a Pakistani television network. The channel features dramas, talk shows, and entertainment programs, catering to a diverse audience in Pakistan and beyond.",No,Corporate / Non-Youtuber
SonyMusicIndiaVEVO,UC3MLnJtqc_phABBriLRhtgQ,"SonyMusicIndiaVEVO is a corporate YouTube channel that serves as the Vevo account for Sony Music India. Featuring high-quality music videos from various genres, the channel provides a visually stunning and immersive experience for music enthusiasts.",No,Corporate / Non-Youtuber
HAR PAL GEO,UCe9JSDmyqNgA_l2BzGHq1Ug,"HAR PAL GEO is a corporate YouTube channel representing GEO Entertainment, a Pakistani television network. The channel offers a variety of dramas, shows, and entertainment content, attracting viewers with diverse interests.",No,Corporate / Non-Youtuber
Bad Bunny,UCJrREGJ2R1mMuKJkZ8SMCcA,"Bad Bunny's official YouTube channel features his reggaeton and Latin trap music, including music videos, live performances, and exclusive content. With a unique sound and style, Bad Bunny has become a global sensation in the Latin music scene.",No,Corporate / Non-Youtuber
Badabun,UCYWOjHweP2V-8kGKmmAmQJQ,"Badabun is a corporate YouTube channel known for its diverse content, including entertainment, challenges, and social experiments. With a mix of humor and thought-provoking content, Badabun engages a broad audience.",No,Corporate / Non-Youtuber
Toys and Colors,UCgFXm4TI8htWmCyJ6cVPG_A,"Toys and Colors is a corporate YouTube channel that creates colorful and imaginative videos for children. With toy unboxings, playtime scenarios, and educational content, Toys and Colors provides a joyful and creative space for young viewers.",No,Corporate / Non-Youtuber
Fernanfloo,UCV4xOVpbcV8SdueDCOxLXtQ,"Fernanfloo is an independent YouTube channel hosted by Luis Fernando Flores. Known for his energetic and humorous gaming commentary, Fernanfloo entertains a vast audience of gaming enthusiasts with a focus on fun and laughter.",Yes,Gaming
Voot Kids,UCJg19noZp7-BYIGvypu_cow,"Voot Kids is a corporate YouTube channel offering a variety of animated content and educational videos for children. With a focus on fun and learning, Voot Kids provides a safe and entertaining space for young viewers.",No,Corporate / Non-Youtuber
Felipe Neto,UCV306eHqgo0LvBf3Mh36AHg,"Felipe Neto is an independent Brazilian YouTuber known for his humorous commentary, vlogs, and social commentary. With a large following, Felipe Neto's channel covers a range of topics, making him a prominent figure in the online content creation space.",Yes,Variety / General Entertainment
ABS-CBN Entertainment,UCstEtN0pgOmCf02EdXsGChw,"ABS-CBN Entertainment is a corporate YouTube channel representing ABS-CBN, one of the largest media and entertainment conglomerates in the Philippines. The channel features a diverse range of content, including dramas, reality shows, and entertainment programs.",No,Corporate / Non-Youtuber
Mikecrack,UCqJ5zFEED1hWs0KNQCQuYdQ,"Mikecrack is an independent Spanish YouTuber specializing in gaming content, particularly Minecraft. Known for his entertaining gameplay commentary and collaborations with other creators, Mikecrack has gained popularity in the gaming community.",Yes,Variety / General Entertainment
Shakira,UCGnjeahCJW1AF34HBmQTJ-Q,"Shakira's official YouTube channel is a corporate account featuring her music videos, performances, and exclusive content. With a global fanbase, Shakira's channel showcases her iconic music and dynamic performances.",No,Corporate / Non-Youtuber
Você Sabia?,UCj0O6W8yDuLg3iraAXKgCrQ,"Você Sabia? is an independent Brazilian YouTube channel known for its informative and intriguing content. Covering a variety of topics, the channel presents facts and interesting information in an engaging and entertaining manner.",Yes,Education / Science
Katy Perry,UC-8Q-hLdECwQmaWNwXitYDw,"Katy Perry's official YouTube channel is a corporate account featuring her music videos, behind-the-scenes footage, and exclusive content. As a global pop icon, Katy Perry's channel provides fans with a front-row seat to her musical journey.",No,Corporate / Non-Youtuber
Alan Walker,UCJrOtniJ0-NWz37R30urifQ,"Alan Walker's official YouTube channel is a corporate account representing the acclaimed Norwegian DJ and music producer. The channel features Alan Walker's music videos, tracks, and collaborations, catering to fans of electronic dance music.",No,Corporate / Non-Youtuber
BRIGHT SIDE,UCjB3CzA-MwHrDzuXGweNiMg,"BRIGHT SIDE is a corporate YouTube channel known for its informative and educational content. Covering a wide range of topics, the channel presents facts, life hacks, and interesting tidbits in an engaging and visually appealing format.",No,Corporate / Non-Youtuber
whinderssonnunes,UC3KQ5GWANYF8lChqjZpXsQw,"Whindersson Nunes is an independent Brazilian YouTuber known for his comedy sketches, vlogs, and music parodies. With a humorous and relatable style, Whinderssonnunes entertains a broad audience with his creative content.",Yes,Comedy / Humor 
HolaSoyGerman.,UCZJ7m7EnCNodqnu5SAtg8eQ,"HolaSoyGerman is the YouTube channel of Germán Garmendia, a Chilean YouTuber known for his comedic sketches, vlogs, and humorous commentary. With a large following, HolaSoyGerman. has become one of the most popular channels in the Spanish-speaking YouTube community.",No,Corporate / Non-Youtuber
Speed Records,UCOsyDsO5tIt-VZ1iwjdQmew,"Speed Records is a corporate YouTube channel serving as a music label specializing in Punjabi music. The channel features a diverse collection of Punjabi songs, music videos, and collaborations, catering to music enthusiasts.",No,Corporate / Non-Youtuber
Ishtar Music,UCWi_65E_L8tQZ34C6wVAlpQ,"Ishtar Music is a corporate YouTube channel specializing in Arabic music. Featuring a variety of music videos, songs, and collaborations, Ishtar Music offers a platform for fans of Arabic music to explore diverse genres.",No,Corporate / Non-Youtuber
Kimberly Loaiza,UCgmUtgxaeaT6CSHc70AQMEg,"Kimberly Loaiza is an independent Mexican YouTuber and singer known for her vlogs, music videos, and lifestyle content. With a significant following, Kimberly Loaiza's channel provides a glimpse into her life and creative endeavors.",Yes,Variety / General Entertainment
Like Nastya Show,UCJplp5SjeGSdVdwsfb9Q7lQ,"Like Nastya Show is a corporate YouTube channel that produces entertaining and educational content for children. With a focus on imaginative play, toy unboxings, and educational scenarios, Like Nastya Show engages young viewers in a playful learning experience.",No,Corporate / Non-Youtuber
Rihanna,UCaHNFIob5Ixv74f5on3lvIw,"Rihanna's official YouTube channel is a corporate account featuring her music videos, performances, and exclusive content. As a global music and fashion icon, Rihanna's channel showcases her artistic evolution and impact on the music industry.",No,Corporate / Non-Youtuber
Jess No Limit,UCvh1at6xpV1ytYOAzxmqUsA,"Jess No Limit is an independent Indonesian gaming YouTuber known for his mobile gaming content, particularly in the battle royale genre. With a skilled and entertaining approach to gameplay, Jess No Limit has gained popularity among gaming enthusiasts.",Yes,Gaming
Luisito Comunica,UCECJDeK0MNapZbpaOzxrUPA,"Luisito Comunica is an independent Mexican YouTuber known for his travel vlogs, adventure videos, and cultural explorations. With a charismatic and engaging style, Luisito Comunica takes viewers on virtual journeys around the world.",Yes,Vlogs / Lifestyle
shfa2 - شفا,UCQ7x25F6YXY9DvGeHFxLhRQ,"Shfa2 - شفا is an independent Arabic-language YouTube channel featuring a variety of content, including lifestyle vlogs, challenges, and entertainment. With a diverse range of videos, Shfa2 - شفا engages viewers in an entertaining and relatable manner.",Yes,Kids / Family
Little Baby Bum - Nursery Rhymes & Kids Songs,UCKAqou7V9FAWXpZd9xtOg3Q,"Little Baby Bum is a corporate YouTube channel specializing in animated nursery rhymes and children's songs. With colorful animations and catchy tunes, the channel creates an engaging and educational space for young children.",No,Corporate / Non-Youtuber
LUCCAS NETO - LUCCAS TOON,UC_gV70G_Y51LTa3qhu8KiEA,"LUCCAS NETO - LUCCAS TOON is a corporate YouTube channel featuring the content of Luccas Neto, a Brazilian YouTuber known for his family-friendly videos, challenges, and animated content. The channel caters to a young audience with entertaining and imaginative videos.",No,Corporate / Non-Youtuber
CarryMinati,UCj22tfcQrWG7EMEKS0qLeEg,"CarryMinati is an independent Indian YouTuber known for his roast videos, comedic sketches, and commentary on various topics. With a bold and humorous style, CarryMinati has garnered a significant following in the Indian YouTube community.",Yes,Variety / General Entertainment
Super Simple Songs - Kids Songs,UCLsooMJoIpl_7ux2jvdPB-Q,"Super Simple Songs is a corporate YouTube channel that produces animated and live-action kids' songs and educational content. With a focus on simplicity and engaging visuals, Super Simple Songs",No,Corporate / Non-Youtuber
elrubiusOMG,UCXazgXDIYyWH-yXLAkcrFxw,"El Rubius is an independent Spanish YouTuber and content creator known for his gaming videos, vlogs, and humorous content. With a dynamic and entertaining style, elrubiusOMG has amassed a large following and is a prominent figure in the online gaming community.",Yes,Variety / General Entertainment
Sony PAL,UCw7xjxzbMwgBSmbeYwqYRMg,"Sony PAL is a corporate YouTube channel representing Sony Entertainment Television's PAL channel, featuring a variety of Hindi television shows, dramas, and entertainment content. The channel caters to a diverse audience with its range of programming.",No,Corporate / Non-Youtuber
BETER BÖCÜK,UC6gVx_vALsYT-z_u1djJbBQ,"BETER BÖCÜK is an independent Turkish YouTube channel featuring gaming content, challenges, and comedic sketches. With a focus on humor and entertainment, BETER BÖCÜK engages viewers with a variety of content.",Yes,Kids / Family
MrBeast Gaming,UCX6OQ3DkcsbYNE6H8uQQuVA,"MrBeast Gaming is an independent YouTube channel affiliated with MrBeast, known for gaming-related content, challenges, and collaborations with other gamers. With a fun and engaging approach, MrBeast Gaming has gained popularity among gaming enthusiasts.",Yes,Gaming
Ricis Official,UC4tS4Q_Cno5JVcIUXxQOOpA,"Ricis Official is an independent Indonesian YouTube channel featuring lifestyle vlogs, challenges, and entertainment content hosted by Indonesian social media personality Rica Leyona. The channel offers a mix of relatable and engaging videos.",Yes,Vlogs / Lifestyle
WorkpointOfficial,UC3ZkCd7XtUREnjjt3cyY_gg,"WorkpointOfficial is a corporate YouTube channel representing Workpoint Entertainment, a Thai media and entertainment company. The channel features a variety of Thai television shows, dramas, and entertainment programs, catering to a diverse audience.",No,Corporate / Non-Youtuber
Goldmines Gaane Sune Ansune,UCtW7qWjpCZ8zps-Cf2NF26w,"Goldmines Gaane Sune Ansune is a corporate YouTube channel that features a vast collection of Indian film songs, classics, and music videos. With a rich musical repertoire, the channel caters to fans of Bollywood music.",No,Corporate / Non-Youtuber
XXXTENTACION,UCM9r1xn6s30OnlJWb-jc3Sw,"XXXTENTACION's official YouTube channel is a corporate account featuring the music and content of the late American rapper and singer. The channel showcases XXXTENTACION's music videos, performances, and artistic contributions.",No,Corporate / Non-Youtuber
TEDx Talks,UCsT0YIqwnpJCM-mx7-gSA4Q,"TEDx Talks is a corporate YouTube channel that features independently organized TEDx events worldwide. The channel shares insightful and thought-provoking talks on a wide range of topics, fostering the spread of ideas and knowledge.",No,Education / Science
GR6 EXPLODE,UCNUQK9mQoqi4yNXw2_Rj6SA,"GR6 EXPLODE is a corporate YouTube channel representing GR6, a Brazilian music production company specializing in funk music. The channel features funk music videos, performances, and collaborations with popular Brazilian artists.",No,Corporate / Non-Youtuber
shfa,UCNvYCW3cMbkWy2g2v4Wb6xw,"Shfa is an independent Arabic YouTube channel featuring lifestyle vlogs, challenges, and entertaining content. With a focus on relatable and engaging videos, Shfa caters to an Arabic-speaking audience.",Yes,Kids / Family
ABP NEWS,UCt4t-jeY85JegMlZ-E5UWtA,"ABP NEWS is a corporate YouTube channel representing ABP News, one of India's leading Hindi news channels. The channel provides timely and credible news coverage, keeping viewers informed about current events.",No,Corporate / Non-Youtuber
ช่อง one31,UC8f7MkX4MFOOJ2SerXLInCA,"ช่อง one31 is a corporate YouTube channel representing One 31, a Thai television network. The channel features a variety of Thai dramas, shows, and entertainment content, catering to a diverse audience.",No,Corporate / Non-Youtuber
One Direction,UCoUM-UJ7rirJYP8CQ0EIaHA,"One Direction's official YouTube channel is a corporate account representing the iconic British-Irish boy band. The channel features their music videos, live performances, and behind-the-scenes footage, providing fans with a nostalgic journey through the band's career.",No,Corporate / Non-Youtuber
YouTube,UCgFXm4TI8htWmCyJ6cVPG_A,"YouTube's official channel is a corporate account that serves as the platform's official presence on its own site. The channel shares updates, features, and highlights various content creators, showcasing the diversity of content available on the platform.",No,Corporate / Non-Youtuber
Maria Clara & JP,UCqE4zgbCjR5_AMW4Og6z5IQ,"Maria Clara & JP is an independent Brazilian YouTube channel featuring lifestyle vlogs, challenges, and family-oriented content. The channel offers a glimpse into the daily lives and adventures of the creators.",Yes,Kids / Family
Daddy Yankee,UCLp8RBhQHu9wSsq62j_Md6A,"Daddy Yankee's official YouTube channel is a corporate account representing the reggaeton and Latin music icon. The channel features Daddy Yankee's music videos, performances, and exclusive content, showcasing his influence in the Latin music scene.",No,Corporate / Non-Youtuber
YOLO AVENTURAS,UCOnIJiQuk1fDSp6p1GCZy3A,"YOLO AVENTURAS is an independent Spanish YouTube channel featuring adventure, travel, and lifestyle content. With a focus on exploration and outdoor activities, the channel provides viewers with exciting and immersive experiences.",Yes,Variety / General Entertainment
TheEllenShow,UCp0hYYBW6IMayGgR-WeoCvQ,"TheEllenShow's official YouTube channel is a corporate account representing ""The Ellen DeGeneres Show,"" featuring highlights, interviews, and entertaining segments from the popular American talk show.",No,Corporate / Non-Youtuber
Saregama Music,UC_A7K2dXFsTMAciGmnNxy-Q,"Saregama Music is a corporate YouTube channel representing Saregama India, a music label known for its extensive collection of Indian music. The channel features a wide range of songs, music videos, and playlists, catering to diverse musical tastes.",No,Corporate / Non-Youtuber
PowerKids TV,UCj-SWZSE0AmotGSQ3apROHw,"PowerKids TV is a corporate YouTube channel that produces animated and educational content for children. With a focus on entertaining and informative videos, the channel creates a positive learning environment for young viewers.",No,Corporate / Non-Youtuber
Ultra Bollywood,UCYauDsl-rswjQGpA0_-Z9Pw,"Ultra Bollywood is a corporate YouTube channel representing Ultra Media & Entertainment, featuring a variety of Bollywood movies, music videos, and entertainment content. The channel caters to fans of Hindi cinema and music.",No,Corporate / Non-Youtuber
T-Series Bollywood Classics,UCRm96I5kmb_iGFofE5N691w,"T-Series Bollywood Classics is a corporate YouTube channel representing T-Series, featuring classic Bollywood songs and music videos. The channel offers a nostalgic journey through the golden era of Hindi film music.",No,Corporate / Non-Youtuber
Jkk Entertainment,UCP84QWij0alw4MvzqzyfOnw,"Jkk Entertainment is a corporate YouTube channel representing Jkk Films, a Pakistani film production company. The channel features trailers, music videos, and promotional content related to Jkk Entertainment's film projects.",No,Corporate / Non-Youtuber
La Granja de Zenón,UCK1i2UviaXLUNrZlAFpw_jA,"La Granja de Zenón is a corporate YouTube channel featuring animated content and songs for children. The channel is associated with the popular children's brand from Argentina, providing engaging and entertaining content for young viewers.",No,Corporate / Non-Youtuber
Bruno Mars,UCmfFGTSsfJVu6CGvL8r75qg,"Bruno Mars's official YouTube channel is a corporate account representing the Grammy-winning artist. The channel features Bruno Mars's music videos, live performances, and exclusive content, showcasing his versatility and musical talent.",No,Corporate / Non-Youtuber
IndiaTV,UCttspZesZIDEwwpVIgoZtWQ,"IndiaTV is a corporate YouTube channel representing India's leading Hindi news channel. The channel provides comprehensive news coverage, debates, and current affairs, keeping viewers informed about the latest happenings in India and around the world.",No,Corporate / Non-Youtuber
TheDonato,UCaHEdZtk6k7SVP-umnzifmQ,"TheDonato is an independent Spanish-language YouTube channel featuring gaming content, challenges, and vlogs. With a focus on entertainment and gaming experiences, TheDonato engages viewers with a variety of engaging and dynamic videos.",Yes,Gaming
Maroon 5,UCN1hnUccO4FD5WfM7ithXaw,"Maroon 5's official YouTube channel is a corporate account representing the Grammy-winning pop band. The channel features Maroon 5's music videos, live performances, and exclusive behind-the-scenes content, offering fans a closer look at the band's musical journey.",No,Corporate / Non-Youtuber
Techno Gamerz,UCUA81A-VZAZXYALpOScwFOQ,"Techno Gamerz is an independent Indian gaming YouTube channel hosted by Ujjwal Chaurasia. Known for his entertaining gameplay commentary and gaming-related content, Techno Gamerz has gained popularity in the Indian gaming community.",Yes,Gaming
Total Gaming,UC5c9VlYTSvBSCaoMu_GI6gQ,"Total Gaming is an independent Indian gaming YouTube channel hosted by Ajay (A_S Gaming). Specializing in Free Fire gameplay, tips, and strategies, Total Gaming provides content that resonates with the gaming community in India.",Yes,Gaming
Genevieve's Playhouse - Learning Videos for Kids,UCK5Q72Uyo73uRPk8PmM2A3w,"Genevieve's Playhouse is a corporate YouTube channel producing educational and entertaining content for young children. With a focus on learning through animated stories, nursery rhymes, and educational videos, the channel creates a positive and engaging space for early childhood development.",No,Corporate / Non-Youtuber
Ozuna,UCu59H8LNti6mwvcGRMge5PA,"Ozuna's official YouTube channel is a corporate account representing the Puerto Rican reggaeton and Latin trap artist. The channel features Ozuna's music videos, performances, and exclusive content, showcasing his influence in the Latin music scene.",No,Corporate / Non-Youtuber
ZAMZAM ELECTRONICS TRADING,UCrnQFuUabBHaw-BRhPo8xEA,"ZAMZAM ELECTRONICS TRADING appears to be a corporate YouTube channel related to electronics trading. The channel may feature product demonstrations, reviews, or information related to electronic goods and trading.",No,Corporate / Non-Youtuber
Fede Vigevani,UCoQm-PeHC-cbJclKJYJ8LzA,"Fede Vigevani is an independent Spanish-language YouTube channel featuring lifestyle vlogs, challenges, and entertainment content. With a focus on humor and relatable experiences, Fede Vigevani engages viewers in a variety of entertaining videos.",Yes,Variety / General Entertainment
StarPlus,UCI3AqxtObAA2KgpJ9VgDRjw,"StarPlus is a corporate YouTube channel representing StarPlus, one of India's leading Hindi entertainment television channels. The channel features trailers, promos, and highlights from StarPlus' diverse range of television shows and dramas.",No,Corporate / Non-Youtuber
Ryan's World,UChGJGhZ9SOOHvBB0Y4DOO_w,"Ryan's World is a corporate YouTube channel representing the popular children's brand associated with Ryan Kaji. The channel features a variety of entertaining and educational content for kids, including toy reviews, challenges, and family-friendly adventures.",No,Corporate / Non-Youtuber
Markiplier,UC7_YxT-KID8kRbqZo7MyscQ,"Markiplier is an independent gaming and entertainment YouTube channel hosted by Mark Fischbach. Known for his energetic and humorous gaming commentary, Let's Plays, and vlogs, Markiplier has become a prominent figure in the online gaming community.",Yes,Gaming
Jingle Toons,UCK9F8nycURBsR0YlrBsu1Ag,"Jingle Toons is a corporate YouTube channel featuring animated content and educational videos for children. With a focus on creating a playful learning environment, Jingle Toons engages young viewers with colorful animations and catchy tunes.",No,Corporate / Non-Youtuber
T-Series Apna Punjab,UCcvNYxWXR_5TjVK7cSCdW-g,"T-Series Apna Punjab is a corporate YouTube channel representing T-Series, featuring Punjabi music videos, songs, and content. The channel caters to fans of Punjabi music, showcasing a diverse range of artists and genres.",No,Corporate / Non-Youtuber
DaFuq!?Boom!,UCsSsgPaZ2GSmO6il8Cb5iGA,"DaFuq!?Boom! appears to be an independent YouTube channel, but without specific content details, it's challenging to provide a detailed description. The channel's content could range from gaming to vlogs or other forms of entertainment.",Yes,Variety / General Entertainment
Geet MP3,UClZF7OsrECe3t_ADrjZEh_Q,"Geet MP3 is a corporate YouTube channel representing the music label Geet MP3, known for Punjabi music. The channel features Punjabi songs, music videos, and collaborations, offering a platform for Punjabi music enthusiasts.",No,Corporate / Non-Youtuber
Galinha Pintadinha,UCBAb_DK4GYZqZR9MFA7y2Xg,"Galinha Pintadinha is a corporate YouTube channel featuring animated content and nursery rhymes for children. The channel is associated with the popular Brazilian children's brand, providing entertaining and educational content for young viewers.",No,Corporate / Non-Youtuber
PANDA BOI,UC0Wju2yvRlfwqraLlz5152Q,"PANDA BOI appears to be an independent YouTube channel, but without specific content details, it's challenging to provide a detailed description. The channel's content could include gaming, vlogs, or other forms of entertainment.",Yes,Variety / General Entertainment
Rajshri,UCEKWXRsfUHkan-D_ljU8Asw,"Rajshri is a corporate YouTube channel associated with Rajshri Productions, known for its Indian films and television shows. The channel features a variety of content, including movie trailers, songs, and promotional videos.",No,Corporate / Non-Youtuber
AboFlah,UCqq5n-Oe-r1EEHI3yvhVJcA,"AboFlah appears to be an independent Arabic-language YouTube channel. Without specific content details, it's challenging to provide a detailed description. The channel's content could include a variety of topics such as vlogs, challenges, or entertainment.",Yes,Variety / General Entertainment
KL BRO Biju Rithvik,UCL5nlHWXVLeOsSjKH2fhmsg,"KL BRO Biju Rithvik is an independent Malayalam-language YouTube channel. Without specific content details, it's challenging to provide a detailed description. The channel's content could cover a range of topics based on the language and regional context.",Yes,Vlogs / Lifestyle
CVS 3D Rhymes & Kids Songs,UCsPF3cApzCohxPp5oKdoWSQ,"CVS 3D Rhymes & Kids Songs is a corporate YouTube channel producing animated nursery rhymes and educational content for children. With colorful animations and engaging tunes, the channel creates an interactive and educational experience for young viewers.",No,Corporate / Non-Youtuber
Ch3Thailand,UC48h7Dst_hX82HxOf3xJw_w,"Ch3Thailand is a corporate YouTube channel representing Channel 3 Thailand, featuring a variety of Thai television dramas, shows, and entertainment content. The channel caters to a diverse audience with its engaging programming.",No,Corporate / Non-Youtuber
Selena Gomez,UCwppdrjsBPAZg5_cUwQjfMQ,"Selena Gomez's official YouTube channel is a corporate account featuring the music videos, performances, and exclusive content of the American singer and actress. The channel provides fans with a glimpse into Selena Gomez's musical journey and creative projects.",No,Corporate / Non-Youtuber
J Balvin,UCrHL_BF5lHyK43BxLU8-vBQ,"J Balvin's official YouTube channel is a corporate account representing the Colombian reggaeton artist. The channel features J Balvin's music videos, performances, and exclusive content, showcasing his influence in the Latin music industry.",No,Corporate / Non-Youtuber
Dushyant kukreja,UCo6y9hnRawAqtyWhRhblXqg,"Dushyant Kukreja is an independent YouTuber known for creating content related to technology, gadgets, and reviews. With a focus on sharing insights into the latest tech trends, Dushyant provides informative and engaging videos for tech enthusiasts.",Yes,Variety / General Entertainment
SSSniperWolf,UCpB959t8iPrxQWj7G6n0ctQ,"SSSniperWolf, also known as Lia, is an independent gaming and lifestyle YouTuber. With a charismatic personality, SSSniperWolf creates content ranging from gameplay videos and reaction videos to vlogs, captivating a wide audience in the online gaming community.",Yes,Variety / General Entertainment
VEGETTA777,UCam8T03EOFBsNdR0thrFHdQ,"VEGETTA777, hosted by Samuel de Luque, is an independent Spanish-speaking gaming YouTuber known for his energetic commentary and Let's Play videos. With a focus on a variety of gaming genres, VEGETTA777 has built a dedicated fanbase in the gaming community.",Yes,Gaming
Alan Chikin Chow,UC5gxP-2QqIh_09djvlm9Xcg,"Alan Chikin Chow is an independent YouTuber known for his comedic and entertaining content, including vlogs, challenges, and skits. With a lighthearted approach, Alan engages his audience with a mix of humor and relatable experiences.",Yes,Variety / General Entertainment
MrBeast 2,UCX6OQ3DkcsbYNE6H8uQQuVA,"MrBeast 2 is a secondary channel affiliated with the well-known YouTuber MrBeast (Jimmy Donaldson). While the primary channel focuses on philanthropy and large-scale challenges, MrBeast 2 features additional content, including behind-the-scenes footage and bonus material.",Yes,Variety / General Entertainment
BabyBus - Kids Songs and Cartoons,UCpYye8D5fFMUPf9nSfgd4bA,"BabyBus is a corporate YouTube channel providing animated content and educational videos for young children. With a focus on early childhood development, BabyBus offers a variety of engaging cartoons, nursery rhymes, and educational stories.",No,Corporate / Non-Youtuber
Desi Music Factory,UCLtNvbkqea8wN_kGtfgx_Mw,"Desi Music Factory is a corporate YouTube channel representing a music label known for producing and promoting Indian music. The channel features a variety of music videos, singles, and collaborations, catering to fans of contemporary Indian music.",No,Corporate / Non-Youtuber
Frost Diamond,UC4hGmH5sABOA70D4fGb8qNQ,"Frost Diamond is an independent gaming content creator known for Minecraft gameplay videos, challenges, and mods. With a passion for Minecraft and a creative approach to gaming, Frost Diamond provides entertaining content for the Minecraft community.",Yes,Gaming
DisneyMusicVEVO,UCgwv23FVv3lqh567yagXfNg,"DisneyMusicVEVO is a corporate YouTube channel representing Disney's official music content. The channel features music videos, soundtracks, and songs from Disney movies, showcasing the iconic music that accompanies beloved Disney stories.",No,Corporate / Non-Youtuber
The Weeknd,UCF_fDSgPpBQuh1MsUTgIARQ,"The Weeknd's official YouTube channel is a corporate account representing the Grammy-winning artist. The channel features The Weeknd's music videos, live performances, and exclusive content, offering fans an immersive experience into his musical journey.",No,Corporate / Non-Youtuber
WowKidz,UCN8S4CqMRy6tVKVXvs7Bzeg,"WowKidz is a corporate YouTube channel providing animated content and cartoons for children. With a focus on entertaining and educational animated series, WowKidz offers a safe and enjoyable viewing experience for young audiences.",No,Corporate / Non-Youtuber
MR. INDIAN HACKER,UCuEvoBtMpS6UjqLc9c1BpSQ,"MR. INDIAN HACKER is an independent Indian YouTuber known for creating content related to technology, life hacks, and DIY projects. With a flair for innovation, MR. INDIAN HACKER shares creative ideas and solutions in an engaging manner.",Yes,Variety / General Entertainment
GMA Network,UCKL5hAuzgFQsyrsQKgU0Qng,"GMA Network's official YouTube channel is a corporate account representing one of the leading television networks in the Philippines. The channel features a variety of content, including show highlights, interviews, and exclusive clips from GMA Network's programs.",No,Corporate / Non-Youtuber
KAROL G,UCz9yS18zJGQObwUL_K-ICnw,"KAROL G's official YouTube channel is a corporate account representing the Colombian reggaeton and Latin music artist. The channel showcases KAROL G's music videos, performances, and exclusive behind-the-scenes content, highlighting her impact in the music industry.",No,Corporate / Non-Youtuber
KHANDESHI MOVIES,UCP84QWij0alw4MvzqzyfOnw,"KHANDESHI MOVIES is a corporate YouTube channel associated with Khandeshi Movies, known for its Indian regional language comedy videos and skits. The channel features entertaining content in the Khandeshi dialect.",No,Corporate / Non-Youtuber
NoCopyrightSounds,UC_aEa8K-EOJ3D6gOs7HcyNg,"NoCopyrightSounds (NCS) is a corporate YouTube channel providing copyright-free music for content creators. The channel offers a diverse range of electronic music, allowing creators to use high-quality music in their videos without copyright restrictions.",No,Corporate / Non-Youtuber
Eros Now Music,UCX52tYZiEh_mHoFja3Veciw,"Eros Now Music is a corporate YouTube channel representing Eros Now, featuring a variety of Indian music videos, singles, and soundtracks. The channel caters to fans of Bollywood and Indian music, showcasing a diverse range of artists.",No,Corporate / Non-Youtuber
Lucas and Marcus,UCwD4x63A9KC7Si2RuSfg-SA,"Lucas and Marcus are independent YouTubers known for their vlogs, challenges, and entertaining content. With a focus on family-friendly and relatable videos, the duo engages their audience with a mix of humor and positive energy.",Yes,Variety / General Entertainment
Peppa Pig - Official Channel,UCAOtE1V7Ots4DjM8JLlrYgg,"Peppa Pig - Official Channel is a corporate YouTube channel representing the popular children's animated series. The channel features episodes, songs, and content related to Peppa Pig, providing a fun and educational experience for young viewers.",No,Corporate / Non-Youtuber
Zee News,UC8dnBi4WUErqYQHZ4PfsLTg,"Zee News is a corporate YouTube channel representing one of India's leading news networks. The channel features news coverage, debates, and current affairs, providing viewers with timely and credible information on a wide range of topics.",No,Corporate / Non-Youtuber
Shorts Break,UCgJ5_1F6yJhYLnyMszUdmUg,"Shorts Break is an independent YouTube channel featuring short films, sketches, and entertaining content. With a focus on bite-sized entertainment, Shorts Break provides viewers with a quick and enjoyable break from the routine.",Yes,Comedy / Humor 
Worldwide Records Bhojpuri,UCbomPUMyPHCgrqD5iYnzj1A,"Worldwide Records Bhojpuri is a corporate YouTube channel associated with Worldwide Records, specializing in Bhojpuri music. The channel features Bhojpuri songs, music videos, and entertainment content, catering to fans of the Bhojpuri music industry.",No,Corporate / Non-Youtuber
Mr Bean,UCX6OQ3DkcsbYNE6H8uQQuVA,"Mr Bean's official YouTube channel is a corporate account representing the iconic character created by Rowan Atkinson. The channel features classic Mr Bean sketches, episodes, and exclusive content, providing fans with timeless comedic moments.",No,Corporate / Non-Youtuber
rezendeevil,UCbTVTephX30ZhQF5zwFppBg,"Rezendeevil is an independent Brazilian gaming and entertainment YouTuber known for his Let's Play videos, vlogs, and comedic content. With a dynamic and energetic style, Rezendeevil engages his audience with a variety of entertaining videos.",Yes,Variety / General Entertainment
SMTOWN,UCEf_Bc-KVd7onSeifS3py9g,"SMTOWN is a corporate YouTube channel representing SM Entertainment, a South Korean entertainment company. The channel features music videos, performances, and exclusive content from SM Entertainment's roster of K-pop artists.",No,Corporate / Non-Youtuber
DONA 도나,UCTheFErn4MureanSiqgKIag,"DONA 도나 appears to be an independent Korean YouTube channel. Without specific content details, it's challenging to provide a detailed description. The channel's content could include a variety of topics based on the language and regional context.",Yes,Variety / General Entertainment
Zhong,UCyagEfIN1okQ-s996XAqCFQ,"Zhong appears to be an independent YouTube channel. Without specific content details, it's challenging to provide a detailed description. The channel's content could cover various topics, and the categorization as independent or corporate may depend on the nature of the content.",Yes,Variety / General Entertainment
Dream,UCXc3ye1CUoy2roNeZZB_rNA,"Dream is an independent Minecraft gaming channel known for its Minecraft Manhunt series. Dream creates engaging and suspenseful Minecraft content, including challenges, speedruns, and collaborations, captivating a large audience in the gaming community.",Yes,Gaming
GENIAL,UCbrd1vu4_7qIE6IPV_dA-OA,"GENIAL is a corporate YouTube channel representing the brand known for its educational and informative content. The channel features videos on various topics, including life hacks, science, and interesting facts, providing viewers with a mix of entertaining and educational content.",No,Corporate / Non-Youtuber
HUM TV,UCMmpLL2ucRHAXbNHiCPyIyg,"HUM TV's official YouTube channel is a corporate account representing one of Pakistan's leading entertainment television channels. The channel features dramas, shows, and exclusive content, offering viewers a platform to enjoy HUM TV's diverse range of programming.",No,Corporate / Non-Youtuber
Luis Fonsi,UCLp8RBhQHu9wSsq62j_Md6A,"Luis Fonsi's official YouTube channel is a corporate account representing the Puerto Rican singer and songwriter. The channel features Luis Fonsi's music videos, performances, and exclusive content, showcasing his contributions to the Latin music scene.",No,Corporate / Non-Youtuber
JustinBieberVEVO,UCHkj014U2CQ2Nv0UZeYpE_A,"JustinBieberVEVO is a corporate YouTube channel representing the iconic Canadian singer Justin Bieber. The channel features Justin Bieber's music videos, performances, and exclusive content, offering fans a comprehensive collection of his musical journey.",No,Corporate / Non-Youtuber
Round2hell,UCt4atlExw8aj3Bm79nv1fig,"Round2hell is an independent Indian YouTube channel known for its comedic sketches, vlogs, and relatable content. With a focus on humor and everyday situations, Round2hell engages its audience with a unique blend of entertainment.",Yes,Variety / General Entertainment
व्लाद और निकिता,UCvlE5gTbOvjiolFlEm-c_Ow,"व्लाद और निकिता (Vlad and Nikita) appears to be an independent Russian-language YouTube channel. Without specific content details, it's challenging to provide a detailed description. The channel's content likely caters to a family or children's audience.",Yes,Kids / Family
Enaldinho,UC2bYhAHyaqfWlPXWBVk4BcA,"Enaldinho is an independent Brazilian YouTuber known for his comedic sketches, challenges, and gaming content. With a playful and energetic style, Enaldinho entertains his audience with a variety of engaging videos.",Yes,Variety / General Entertainment
The Tonight Show Starring Jimmy Fallon,UC8-Th83bH_thdKZDJCrn88g,"The Tonight Show Starring Jimmy Fallon is a corporate YouTube channel representing the popular American late-night talk show hosted by Jimmy Fallon. The channel features highlights, interviews, and entertaining segments from the show.",No,Corporate / Non-Youtuber
ImagineDragons,UCpx_k19S2vUutWUUM9qmXEg,"ImagineDragons is a corporate YouTube channel representing the Grammy-winning rock band Imagine Dragons. The channel features the band's music videos, live performances, and exclusive content, offering fans an immersive experience into their musical world.",No,Corporate / Non-Youtuber
Junya.じゅんや,UCjp_3PEaOau_nT_3vnqKIvg,"Junya.じゅんや appears to be an independent Japanese YouTube channel. Without specific content details, it's challenging to provide a detailed description. The channel's content could cover various topics based on the language and regional context.",Yes,Variety / General Entertainment
Gulshan Kalra,UC56dNUTok1pgvpY75CsJQ4Q,"Gulshan Kalra appears to be an independent YouTube channel. Without specific content details, it's challenging to provide a detailed description. The channel's content could cover a variety of topics based on the context.",Yes,Variety / General Entertainment
قناة طيور الجنة | toyoraljanahtv,UCozAuGJZ5MPoijz8IE_1Gtw,"قناة طيور الجنة | toyoraljanahtv is a corporate YouTube channel associated with the popular Arabic children's brand. The channel features animated content, songs, and educational videos, creating an engaging and entertaining space for young Arabic-speaking viewers.",No,Corporate / Non-Youtuber
Little Angel: Nursery Rhymes & Kids Songs,UCNzsYU0aWwjERj-9Y9HUEng,"Little Angel: Nursery Rhymes & Kids Songs is a corporate YouTube channel providing animated nursery rhymes and children's songs. With colorful animations and catchy tunes, the channel creates an interactive and educational experience for young viewers.",No,Corporate / Non-Youtuber
Adele,UComP_epzeKzvBX156r6pm1Q,"Adele's official YouTube channel is a corporate account representing the Grammy-winning British singer. The channel features Adele's music videos, performances, and exclusive content, offering fans a glimpse into her powerful and emotive musical journey.",No,Corporate / Non-Youtuber
Beast Reacts,UCX6OQ3DkcsbYNE6H8uQQuVA,"Beast Reacts appears to be an independent YouTube channel. Without specific content details, it's challenging to provide a detailed description. The channel's content could include reaction videos, commentary, or other forms of entertainment.",Yes,Variety / General Entertainment
AH,UCeEi1My3KTXHT0SG1JkR9gA,"AH appears to be an independent YouTube channel. Without specific content details, it's challenging to provide a detailed description. The channel's content could cover a variety of topics based on the context.",Yes,Variety / General Entertainment
jacksepticeye,UCYzPXprvl5Y-Sf0g4vX-m6g,"jacksepticeye is an independent Irish gaming YouTuber known for his Let's Play videos, vlogs, and comedic content. With a charismatic and energetic style, jacksepticeye has become a prominent figure in the online gaming community.",Yes,Gaming
Talking Tom,UCm3hAp1m1xlAz0ve_EKAo4g,"Talking Tom is a corporate YouTube channel associated with the popular virtual pet app franchise. The channel features animated content, episodes, and songs related to the Talking Tom and Friends characters, providing entertainment for a family-friendly audience.",No,Corporate / Non-Youtuber
Trap Nation,UCM9KEEuzacwVlkt9JfJad7g,"Trap Nation is a corporate YouTube channel representing a music promotion platform. The channel features a variety of electronic and trap music, showcasing tracks from various artists and producers in the genre.",No,Corporate / Non-Youtuber
Boram Tube Vlog [보람튜브 브이로그],UCU2zNeYhf9pi_wSqFbYE96w,"Boram Tube Vlog [보람튜브 브이로그] is a corporate YouTube channel associated with the South Korean Boram Tube, a children's content brand. The channel features vlogs and family-friendly content, providing entertainment for young viewers.",No,Corporate / Non-Youtuber
Spinnin' Records,UCB-7IEpKGIdXkgGUObE5D5A,"Spinnin' Records is a corporate YouTube channel representing a Dutch record label and music platform. The channel features a wide range of electronic dance music (EDM) content, including music videos, releases, and artist spotlights.",No,Corporate / Non-Youtuber
Aditya Movies,UCX_uPA_dGf7wXjuMEaSKLJA,"Aditya Movies is a corporate YouTube channel associated with Aditya Music India, featuring a variety of Telugu movies, trailers, and film-related content. The channel caters to fans of Telugu cinema, providing entertainment and updates from the industry",No,Corporate / Non-Youtuber
infobells - Tamil,UCHcn4Ux-sO9nzNu7rDsoQLg,"infobells - Tamil is a corporate YouTube channel associated with infobells, creating animated educational content in Tamil for children. The channel features nursery rhymes, stories, and educational videos, providing a vibrant and engaging learning experience.",No,Corporate / Non-Youtuber
Shawn Mendes,UCwppdrjsBPAZg5_cUwQjfMQ,"Shawn Mendes's official YouTube channel is a corporate account representing the Canadian singer-songwriter. The channel features Shawn Mendes's music videos, live performances, and exclusive behind-the-scenes content, offering fans an intimate look into his musical journey.",No,Corporate / Non-Youtuber
infobells - Telugu,UCHvoq_rGmOKJKGId1nD1V4Q,"infobells - Telugu is a corporate YouTube channel associated with infobells, specializing in creating animated educational content in Telugu for children. The channel offers a variety of educational videos, including rhymes and stories, to make learning enjoyable for young viewers.",No,Corporate / Non-Youtuber
Masha y el Oso,UCuSo4gcgxJRf4Bzu43wwVyg,"Masha y el Oso (Masha and the Bear) is a corporate YouTube channel representing the animated children's series. The channel features episodes of Masha and the Bear, providing entertainment for young audiences with its charming characters and stories.",No,Corporate / Non-Youtuber
Shemaroo Movies,UCOF23vGxkbhN4wl7ROrgXsA,"Shemaroo Movies is a corporate YouTube channel associated with Shemaroo Entertainment, featuring a variety of Bollywood movies, trailers, and film-related content. The channel caters to fans of Indian cinema, offering a diverse range of Bollywood films.",No,Corporate / Non-Youtuber
ashish chanchlani vines,UC7eHZXheF8nVOfwB2PEslMw,"ashish chanchlani vines is an independent Indian YouTube channel known for its comedic sketches, vlogs, and humorous content. With a focus on relatable situations and characters, Ashish Chanchlani entertains his audience with a unique blend of humor and storytelling.",Yes,Variety / General Entertainment
Ultra Records,UC4rasfm9J-X4jNl9SvXp8xA,"Ultra Records is a corporate YouTube channel representing the American electronic music record label. The channel features a wide range of electronic dance music (EDM) content, including music videos, releases, and artist spotlights.",No,Corporate / Non-Youtuber
Maluma,UCGnjeahCJW1AF34HBmQTJ-Q,"Maluma's official YouTube channel is a corporate account representing the Colombian reggaeton and Latin music artist. The channel features Maluma's music videos, live performances, and exclusive content, providing fans with a front-row seat to his musical journey.",No,Corporate / Non-Youtuber
Akshay Nagwadiya,UCz7PhJtc2G8Sre2vCLfmqAw,"Akshay Nagwadiya appears to be an independent YouTube channel. Without specific content details, it's challenging to provide a detailed description. The channel's content could include a variety of topics based on the creator's interests.",Yes,Variety / General Entertainment
Aditya Music India,UCNApqoVYJbYSrni4YsbXzyQ,"Aditya Music India is a corporate YouTube channel associated with Aditya Music, featuring a variety of Telugu music videos, songs, and film-related content. The channel caters to fans of Telugu music, providing a platform for music enthusiasts.",No,Corporate / Non-Youtuber
Goldmines Dishoom,UCu7Hg0f3rxqZ6qs-188ZbjQ,"Goldmines Dishoom is a corporate YouTube channel associated with Goldmines Telefilms, featuring a variety of Indian movies, trailers, and film-related content. The channel specializes in Hindi-dubbed movies, offering entertainment for fans of Indian cinema.",No,Corporate / Non-Youtuber
Michael Jackson,UCulYu1HEIa7f70L2lYZWHOw,"Michael Jackson's official YouTube channel is a corporate account representing the iconic King of Pop. The channel features Michael Jackson's music videos, performances, and exclusive content, showcasing his legendary contributions to the music industry.",No,Corporate / Non-Youtuber
AuronPlay,UCyQqzYXQBUWgBTn4pw_fFSQ,"AuronPlay is an independent Spanish YouTube channel known for its comedic commentary, reaction videos, and satirical content. With a humorous and irreverent style, AuronPlay engages his audience with a variety of entertaining videos.",Yes,Variety / General Entertainment
Alejo Igoa,UCZs0WwC0Dn_noiQE2BHSTKg,"Alejo Igoa is an independent Argentine YouTuber known for his vlogs, challenges, and lifestyle content. With a charismatic and relatable approach, Alejo shares his experiences and adventures with his audience.",Yes,Variety / General Entertainment
LankyBox,UCSf0s2ogUVYpJPuzW1zpAOg,"LankyBox is an independent YouTube channel run by Adam and Justin, known for their comedic commentary, reaction videos, and entertaining content. The duo engages their audience with a mix of humor, challenges, and pop culture references.",Yes,Kids / Family
★ Kids Roma Show,UCk8GzjMOrta8yxDcKfylJYw,"★ Kids Roma Show appears to be an independent YouTube channel. Without specific content details, it's challenging to provide a detailed description. The channel's content likely caters to a family or children's audience.",Yes,Kids / Family
LeoNata Family,UCMsPm8-25ygqRrRe9_s1WFw,"LeoNata Family appears to be an independent YouTube channel. Without specific content details, it's challenging to provide a detailed description. The channel's content could include a variety of family-friendly topics.",Yes,Kids / Family
Drake,UCFNosi99Sp0_eLilBiXmmXA,"Drake's official YouTube channel is a corporate account representing the Canadian rapper and artist. The channel features Drake's music videos, performances, and exclusive content, offering fans a comprehensive collection of his musical work.",No,Corporate / Non-Youtuber
Crazy XYZ,UCCgd2S4UtSl-8Je0CUBje6w,"Crazy XYZ is an independent Indian YouTube channel known for its comedic sketches, pranks, and humorous content. With a focus on entertaining and light-hearted videos, Crazy XYZ captures the attention of a diverse audience.",Yes,Variety / General Entertainment
The Late Late Show with James Corden,UCJ0uqCI0Vqr2Rrt1HseGirg,"The Late Late Show with James Corden is a corporate YouTube channel representing the popular American late-night talk show hosted by James Corden. The channel features highlights, interviews, and entertaining segments from the show.",No,Corporate / Non-Youtuber
JYP Entertainment,UCaO6TYtlC8U5ttz62hTrZgg,"JYP Entertainment's official YouTube channel is a corporate account representing the South Korean entertainment company. The channel features music videos, performances, and exclusive content from artists under JYP Entertainment, contributing to the K-pop industry.",No,Corporate / Non-Youtuber
DanTDM,UCS5Oz6CHmeoF7vSad0qqXfw,"DanTDM is an independent British gaming YouTuber known for his Minecraft videos, Let's Plays, and vlogs. With a focus on family-friendly gaming content, DanTDM has gained a large following in the online gaming community.",Yes,Gaming
toycantando,UC2xjgvWb9cx5F637XjsUNxw,"toycantando is a corporate YouTube channel associated with the Spanish-language children's music brand. The channel features animated nursery rhymes, songs, and educational content, providing entertainment for young Spanish-speaking viewers.",No,Corporate / Non-Youtuber
mujjuu___14,UCHUu2HAnogpaK2UmTSJT8jg,"mujjuu___14 appears to be an independent YouTube channel. Without specific content details, it's challenging to provide a detailed description. The channel's content could cover various topics based on the creator's interests.",Yes,Variety / General Entertainment
Bounce Patrol - Kids Songs,UC56cowXhoqRWHeqfSJkIQaA,"Bounce Patrol - Kids Songs is a corporate YouTube channel specializing in animated children's songs and educational content. The channel creates engaging and colorful videos, making learning fun for young viewers.",No,Corporate / Non-Youtuber
Nick Jr.,UCUe6ZpY6TJ0no8jI4l2iLxw,"Nick Jr. is a corporate YouTube channel associated with the popular children's television network. The channel features a variety of animated shows, educational content, and children's entertainment, providing a safe and engaging space for young viewers.",No,Corporate / Non-Youtuber
Heroindori,UCunqjMN6EEbXjzU-RvwJrig,"Heroindori appears to be an independent YouTube channel. Without specific content details, it's challenging to provide a detailed description. The channel's content could include a variety of topics based on the creator's interests.",Yes,Variety / General Entertainment
Sandeep Maheshwari,UCBqFKDipsnzvJdt6UT0lMIg,"Sandeep Maheshwari's official YouTube channel is a corporate account representing the Indian motivational speaker and entrepreneur. The channel features inspirational talks, motivational speeches, and self-help content, offering valuable insights for personal development.",No,Corporate / Non-Youtuber
NichLmao,UC6VAIqNQBc7ggiqvsOHOBqw,"NichLmao appears to be an independent YouTube channel. Without specific content details, it's challenging to provide a detailed description. The channel's content could include a variety of topics based on the creator's interests.",Yes,Variety / General Entertainment
Wiz Khalifa,UCLxOm-UQ1gtyQgfz8Rn34iQ,"Wiz Khalifa's official YouTube channel is a corporate account representing the American rapper and songwriter. The channel features Wiz Khalifa's music videos, performances, and exclusive content, offering fans a glimpse into his musical journey.",No,Corporate / Non-Youtuber
Goldmines Bollywood,UCOF23vGxkbhN4wl7ROrgXsA,"Goldmines Bollywood is a corporate YouTube channel associated with Goldmines Telefilms, featuring a variety of Bollywood movies, trailers, and film-related content. The channel caters to fans of Indian cinema, offering a diverse range of Hindi films.",No,Corporate / Non-Youtuber
Spider Slack,UCtiddfzHXNevG-yYe5vc_4Q,"Spider Slack appears to be an independent YouTube channel. Without specific content details, it's challenging to provide a detailed description. The channel's content could include a variety of topics based on the creator's interests.",Yes,Variety / General Entertainment
Brent Rivera,UCbCJmNKAL85O1VFeD6Wj60g,"Brent Rivera's official YouTube channel is a corporate account representing the American social media personality, actor, and singer. The channel features vlogs, challenges, and lifestyle content, giving fans an inside look into Brent's life.",No,Corporate / Non-Youtuber
D Billions,UCi3onjs7UU2Z64i3RrVci-Q,"D Billions appears to be an independent YouTube channel. Without specific content details, it's challenging to provide a detailed description. The channel's content could include a variety of topics based on the creator's interests.",Yes,Kids / Family
Mark Rober,UCX6OQ3DkcsbYNE6H8uQQuVA,"Mark Rober's official YouTube channel is a corporate account representing the American engineer, inventor, and science communicator. The channel features science experiments, inventions, and educational content, engaging viewers with a mix of entertainment and learning.",No,Corporate / Non-Youtuber
김프로KIMPRO,UCiVs2pnGW5mLIc1jS2nxhjg,"김프로KIMPRO appears to be an independent YouTube channel. Without specific content details, it's challenging to provide a detailed description. The channel's content could include a variety of topics based on the creator's interests.",Yes,Variety / General Entertainment
Daniel LaBelle,UCb8vrqP8Z7Oz9ZTYvUtjUHQ,"Daniel LaBelle appears to be an independent YouTube channel. Without specific content details, it's challenging to provide a detailed description. The channel's content could include a variety of topics based on the creator's interests.",Yes,Comedy / Humor 
Renato Garcia YT,UCXmkumbopIFTFlwua8sqEag,"Renato Garcia YT appears to be an independent YouTube channel. Without specific content details, it's challenging to provide a detailed description. The channel's content could include a variety of topics based on the creator's interests.",Yes,Variety / General Entertainment
Indosiar,UCYqOeAXJm8yV9sJ8Ud3cR7A,"Indosiar's official YouTube channel is a corporate account representing the Indonesian television network. The channel features a variety of shows, entertainment programs, and exclusive content, providing a platform for viewers to enjoy popular Indonesian television content.",No,Corporate / Non-Youtuber
Kids TV - Nursery Rhymes And Baby Songs,UCbCmjCuTUZos6Inko4u57UQ,"Kids TV - Nursery Rhymes And Baby Songs is a corporate YouTube channel specializing in animated nursery rhymes and children's songs. The channel creates colorful and engaging videos, making learning and entertainment accessible for young viewers.",No,Corporate / Non-Youtuber
Netflix,UCuVvjHUPjVsJraijv120D_A,"Netflix's official YouTube channel is a corporate account representing the popular streaming service. The channel features trailers, behind-the-scenes content, and promotional material for Netflix Originals, offering a preview of the diverse content available on the platform.",No,Corporate / Non-Youtuber
That Little Puff,UClFN9LShD_Pv0wnSeUKbUZw,"That Little Puff appears to be an independent YouTube channel. Without specific content details, it's challenging to provide a detailed description. The channel's content could include a variety of topics based on the creator's interests.",Yes,Variety / General Entertainment
ToyPuddingTV,UCKqx9r4mrFglauNBJc1L_eg,"ToyPuddingTV is a corporate YouTube channel associated with the children's entertainment brand. The channel features animated videos, toy unboxings, and educational content, creating an enjoyable and safe space for young viewers.",No,Corporate / Non-Youtuber
Raffy Tulfo in Action,UCxhygwqQ1ZMoBGQM2yEcNug,"Raffy Tulfo in Action is a corporate YouTube channel associated with the Philippine radio and television host Raffy Tulfo. The channel features segments from the public service show, addressing and resolving various issues and conflicts.",No,Corporate / Non-Youtuber
enchufetv,UCoGDh1Xa3kUCpok24JN5DKA,"enchufetv is an independent Ecuadorian YouTube channel known for its comedic sketches, parodies, and humorous content. With a focus on satire and social commentary, enchufetv entertains a wide audience with its unique brand of humor.",Yes,Variety / General Entertainment
WORLDSTARHIPHOP,UC-yXuc1__OzjwpsJPlxYUCQ,"WORLDSTARHIPHOP is a corporate YouTube channel representing the popular hip-hop and entertainment website. The channel features music videos, exclusive content, and highlights from the world of hip-hop, providing a platform for fans to discover new music.",No,Corporate / Non-Youtuber
America's Got Talent,UCUtZaxDF3hD5VK4xRYFBePQ,"America's Got Talent's official YouTube channel is a corporate account representing the popular talent competition show. The channel features highlights, performances, and behind-the-scenes content from the show, showcasing a diverse range of talented individuals.",No,Corporate / Non-Youtuber
The Lallantop,UCx8Z14PpntdaxCt2hakbQLQ,"The Lallantop is an independent Indian YouTube channel known for its news analysis, commentary, and informative content. With a focus on current affairs and trending topics, The Lallantop engages its audience with insightful discussions.",Yes,Variety / General Entertainment
Tilak,UCFMFB7_Ik8jBnCwSuh295wA,"Tilak appears to be an independent YouTube channel. Without specific content details, it's challenging to provide a detailed description. The channel's content could include a variety of topics based on the creator's interests.",Yes,Others
Smosh,UCY30JRSgfhYXA6i6xX1erWg,"Smosh is an independent YouTube channel known for its comedic sketches, parodies, and humorous content. With a long-standing presence on YouTube, Smosh has become a prominent name in online comedy, entertaining audiences with its diverse range of videos.",Yes,Comedy / Humor 
Beyoncé,UC9zX2xZIJ4cnwRsgBpHGvMg,"Beyoncé's official YouTube channel is a corporate account representing the iconic American singer, songwriter, and performer. The channel features Beyoncé's music videos, live performances, and exclusive content, showcasing her influence in the music industry.",No,Corporate / Non-Youtuber
Diana and Roma HIN,UC5ma-WCc8jNCV0WyRnfbHTg,"Diana and Roma HIN appears to be an independent YouTube channel. Without specific content details, it's challenging to provide a detailed description. The channel likely features content related to the creators Diana and Roma.",Yes,Kids / Family
BB Ki Vines,UCqwUrj10mAEsqezcItqvwEw,"BB Ki Vines is an independent Indian YouTube channel created by Bhuvan Bam. Known for its comedic sketches, monologues, and relatable humor, BB Ki Vines has gained widespread popularity, making Bhuvan Bam one of India's leading digital content creators.",Yes,Variety / General Entertainment
Nicki Minaj,UC0VOyT2OCBKdQhF3BAbZ-1g,"Nicki Minaj's official YouTube channel is a corporate account representing the Trinidadian-American rapper, singer, and songwriter. The channel features Nicki Minaj's music videos, performances, and exclusive content, providing fans with a comprehensive collection of her work.",No,Corporate / Non-Youtuber
ABPLIVE,UCt4t-jeY85JegMlZ-E5UWtA,"ABPLIVE is a corporate YouTube channel associated with ABP News, an Indian news channel. The channel features news updates, debates, and current affairs content, offering viewers a platform for reliable and timely news coverage.",No,Corporate / Non-Youtuber
Tsuriki Show,UCymK_3BWUcoYVVf5D_GmACQ,"Tsuriki Show appears to be an independent YouTube channel. Without specific content details, it's challenging to provide a detailed description. The channel's content could include a variety of topics based on the creators' interests.",Yes,Comedy / Humor 
Marília Mendonça,UCwfEOn0O1DWcyTgzVVu28ig,"Marília Mendonça's official YouTube channel is a corporate account representing the Brazilian singer and songwriter. The channel features Marília Mendonça's music videos, live performances, and exclusive content, showcasing her success in the Brazilian music scene.",No,Corporate / Non-Youtuber
1MILLION Dance Studio,UCw8ZhLPdQ0u_Y-TLKd61hGA,"1MILLION Dance Studio is a corporate YouTube channel associated with the South Korean dance studio. The channel features choreography videos, dance covers, and tutorials, attracting a global audience interested in dance and K-pop culture.",No,Corporate / Non-Youtuber
David Guetta,UC1l7wYrva1qCH-wgqcHaaRg,"David Guetta's official YouTube channel is a corporate account representing the French DJ and music producer. The channel features David Guetta's music videos, live performances, and exclusive content, showcasing his contributions to the electronic dance music (EDM) scene.",No,Corporate / Non-Youtuber
Topper Guild,UCPuEAY09CtdTzFNWuqVZgDw,"Topper Guild appears to be an independent YouTube channel. Without specific content details, it's challenging to provide a detailed description. The channel's content could include a variety of topics based on the creators' interests.",Yes,Variety / General Entertainment
Post Malone,UCN1hnUccO4FD5WfM7ithXaw,"Post Malone's official YouTube channel is a corporate account representing the American rapper, singer, and songwriter. The channel features Post Malone's music videos, live performances, and exclusive content, offering fans a glimpse into his diverse musical style.",No,Corporate / Non-Youtuber
Azhan5star,UCY-at5vWhDoMJ8y0kIPFwDA,"Azhan5star appears to be an independent YouTube channel. Without specific content details, it's challenging to provide a detailed description. The channel's content could include a variety of topics based on the creator's interests.",Yes,Kids / Family
ZHC,UCiJUp_NBW2D_UMQIvq2nlPg,"ZHC is an independent YouTube channel run by the artist Zach Hsieh. Known for art challenges, customizing items, and philanthropy, ZHC's channel engages viewers with creative and entertaining content.",Yes,DIY / Crafts
WB Kids,UC9trsD1jCTXXtN3xIOIU8gg,"WB Kids is a corporate YouTube channel associated with Warner Bros. Entertainment. The channel features animated content from popular Warner Bros. franchises, including Looney Tunes, Scooby-Doo, and more, catering to a young audience.",No,Corporate / Non-Youtuber
VanossGaming,UCKqH_9mk1waLgBiL2vT5b9g,"VanossGaming is an independent gaming YouTube channel run by Evan Fong. Known for his comedic gaming commentary, Let's Plays, and collaborations with other gamers, VanossGaming entertains a wide audience in the gaming community.",Yes,Gaming
LosPolinesios,UCwJrDbRJBGvIdYrpBMNtCIg,"LosPolinesios is an independent Mexican YouTube channel created by the Polinesios siblings. Known for vlogs, challenges, and family-friendly content, LosPolinesios has become one of the most popular YouTube channels in the Spanish-speaking world.",Yes,Kids / Family
Sagawa /さがわ,UCWaOde99oeUVoXbIj3SNu9g,"Sagawa /さがわ appears to be an independent YouTube channel. Without specific content details, it's challenging to provide a detailed description. The channel's content could include a variety of topics based on the creator's interests.",Yes,Comedy / Humor 
Dan Rhodes,UC6D1L2vxEAg_Vi0JSxMBDgA,"Dan Rhodes appears to be an independent YouTube channel. Without specific content details, it's challenging to provide a detailed description. The channel's content could include a variety of topics based on the creator's interests.",Yes,Variety / General Entertainment
Ishaan Ali 11,UCN4NflpHqLeHQZ91kTUVCBw,"Ishaan Ali 11 appears to be an independent YouTube channel. Without specific content details, it's challenging to provide a detailed description. The channel's content could include a variety of topics based on the creator's interests.",Yes,Variety / General Entertainment
unknown boy varun,UC4DLvb5xZ9OLcVM1KC_R97g,"unknown boy varun appears to be an independent YouTube channel. Without specific content details, it's challenging to provide a detailed description. The channel's content could include a variety of topics based on the creator's interests.",Yes,Music / Performance
Coldplay,UCRzzwLpLiUNIs6YOPe33eMg,"Coldplay's official YouTube channel is a corporate account representing the British rock band. The channel features Coldplay's music videos, live performances, and exclusive content, showcasing their impact on the global music scene.",No,Corporate / Non-Youtuber
Chris Brown,UCm1dsgJNnhaLkY3uAdqN4mA,"Chris Brown's official YouTube channel is a corporate account representing the American singer, songwriter, and dancer. The channel features Chris Brown's music videos, live performances, and exclusive content, offering fans a comprehensive collection of his work.",No,Corporate / Non-Youtuber
Anuel AA,UCRI7hheejBbWS6etTNwMT0g,"Anuel AA's official YouTube channel is a corporate account representing the Puerto Rican rapper and singer. The channel features Anuel AA's music videos, collaborations, and exclusive content, showcasing his prominence in the Latin music industry.",No,Corporate / Non-Youtuber
Rans Entertainment,UCvA9_f5Lwk-poMynabtrZPg,"Rans Entertainment appears to be an independent YouTube channel. Without specific content details, it's challenging to provide a detailed description. The channel's content could include a variety of topics based on the creators' interests.",Yes,Vlogs / Lifestyle
TaylorSwiftVEVO,UCANLZYMidaCbLQFWXBC95Jg,"TaylorSwiftVEVO is a corporate YouTube channel associated with the American singer-songwriter Taylor Swift. The channel features Taylor Swift's music videos, live performances, and exclusive content, offering fans a visual experience of her musical journey.",No,Corporate / Non-Youtuber
TRANS7 OFFICIAL,UC24_Z2L-8Ki183AI9zJJzNQ,"TRANS7 OFFICIAL is a corporate YouTube channel associated with the Indonesian television network TRANS7. The channel features a variety of shows, programs, and exclusive content, providing viewers with entertainment and information.",No,Corporate / Non-Youtuber
